"id","user_id","typeid","area_code","name","phone","owner_name","owner_phone","contact_person_position","contact_person_fname","contact_person_lname","address","city","state","zip","details","description","logo","banner","website","email","latitude","longitude","review_avg","review_count","created","modified","modified_by","delivery_distance","delivery","takeaway","reservation","delivery_fee","status","opening_time","closing_time","table_pricing","taxes","total_avr","commission_qr","commission_del","commission_pick","commission_tr",
"622","2","a:1:{i:0;s:1:&quot;1&quot;;}","","Buffet Hutt","0172 4001213","Mr. Rajesh","9877789","","","","SCO 143 &amp;amp;amp; 144, Madhya Marg, Sector 9-C, Sector 9 ","Chandigarh","Punjab","160025","","pocket friendly, elaborate buffets.","409583-buffet-hut.PNG","","buffethut.com","rajdep@gfgmo.com","41.639805","-72.089724","4","50","2016-09-30 18:36:56","2016-09-30 18:37:22","0","10","1","1","1","20","1","00:00:00","00:00:00","6","12.5","","","","","",
"624","2","a:3:{i:0;s:1:&quot;1&quot;;i:1;s:1:&quot;4&quot;;i:2;s:1:&quot;3&quot;;}","","Ginger Chandigarh"," 0172 300 7777","Mr. Lalit"," 0172 300 7777","","","","kuwait","kuwait","kuwait","","","Just the ambience and quality of food.","r1.jpg","hotel.png","thelalit.com","rajdep@gfgmo.com","29.375859","47.9774052","4","2","2016-10-20 18:19:54","2016-10-20 18:20:20","0","","1","0","0","10","1","00:00:00","00:00:00","8","12.5","","2","2","2","2",
"625","2","a:2:{i:0;s:1:&quot;1&quot;;i:1;s:1:&quot;4&quot;;}","","jw-marriot","jw-marriot","himanshi","8950578343","","","","Plot no: 6, B, Dakshin Marg, Sector 35, Chandigarh, 160035","chandigarh","chandigarh","160101","","five star hotel","r2.jpg","150435Lighthouse.jpg","abc.com","abc@gmal.com","30.729551","76.7656294","4","3","2016-10-12 20:23:53","2016-10-12 20:24:10","0","10","1","1","1","15","1","00:00:00","00:00:00","15","10","","2","3","4","5",
"628","457","a:1:{i:0;s:1:&quot;1&quot;;}","","The Altius Hotel","8054209600","babita","08054209600","","","","Plot No. 25/9, Dakshin Marg, Industrial Area Phase-II,  ","Chandigarh","Punjab","160002","","asdf","r3.jpg","121425Chrysanthemum.jpg","asdf","rajdep@gfgmo.com","30.6999906","76.7936264","2","10","2016-10-20 12:13:38","2016-10-20 12:14:25","0","","1","1","1","10","1","00:00:00","00:00:00","7","12.5","","2","2","2","2",
"70","0","","","test","","","","","","","","","","","","tesing ","","","","","","","0","0","2016-09-19 18:05:29","2016-09-19 18:05:29","0","","0","0","0","","0","00:00:00","00:00:00","10","12.5","","","","","",
"72","0","","","Cold Drink","","","","","","","","","","","","&amp;lt;p&amp;gt;Fanta Dew&amp;lt;/p&amp;gt;
","","","","","","","0","0","2016-09-22 12:07:55","2016-10-27 16:13:53","0","","0","0","0","","0","00:00:00","00:00:00","10","12.5","","","","","",
"632","2","a:1:{i:0;s:1:&quot;1&quot;;}","","Swagath","0172 4001213","rahul","08054209600","","",""," SCO 7, Sector 26, Madhya Marg, Chandigarh, 160019","Chandigarh","Punjab","160020","","Authentic Food taste.","restaurant.jpg","","g.com","rajdep@gfgmo.com","30.7271872","76.8039208","0","11","2016-09-30 18:37:12","2016-10-01 16:20:42","0","12","1","0","1","20","1","00:00:00","00:00:00","12","12.5","0","","","","",
"633","2","a:1:{i:0;s:1:&quot;1&quot;;}","","Sundarams South Indian Food","897008","sandeep","98098-","","","","SCO 7, Sector 26, Madhya Marg","chandigarh","chnadigarh","160101","","nice .....hotel..","n1.jpg","","sic.com","sic@gmail.com","30.726216","76.8049157","3","30","2016-09-30 18:37:12","2016-09-30 18:37:50","0","6","1","0","1","10","1","00:00:00","00:00:00","10","12.5","","","","","",
"634","2","a:1:{i:0;s:1:&quot;1&quot;;}","","Hlavna resort","6679080","manisha","770890679","","","","Hlavna 81, Kosice 040 01, Slovakia","kosice","kosice","79808-0","","nice...","grand-hotel-excelsior_masthead.jpg","hotel.png","sdc.com","sdc@gmail.com","48.7234022","21.2569001","1","60","2016-10-28 11:55:19","2016-10-28 11:55:40","0","4","1","1","0","15","1","06:00:00","12:00:00","9","12.5","","","","","",
"635","2","a:1:{i:0;s:1:&quot;1&quot;;}","","Republika Vychodu","56586","seiku","79089","","","","Hlavna 31, Kosice 040 01, Slovakia","kosice","slovakia","7698789","","nice","063445r5.jpg","","abc.com","abc@gmal.com","48.7202034","21.258917","3","0","2016-08-19 06:33:53","2016-09-30 20:02:55","0","7","1","0","0","10","1","00:00:00","00:00:00","11","12.5","","","","","",
"636","2","a:1:{i:0;s:1:&quot;1&quot;;}","","the lalit","70980","lalit","798709","","","","Rajiv Gandhi IT Park, Near DLF Commercial Complex, Chandigarh","chandigarh","chandigarh","9867868","","five star hotel","Chandigarh.jpg","","sic.com","sic@gmail.com","30.7399738","76.7567368","3","0","2016-09-30 18:37:09","2016-09-30 18:37:41","0","5","1","0","1","15","1","00:00:00","00:00:00","13","12.5","","","","","",
"642","2","a:1:{i:0;s:1:&quot;1&quot;;}","","Al Orojuan","+966 11802 8020","Mohammad ","","","",""," El-Hedaya Mosque, Riyadh 11493, Saudi Arabia"," Riyadh","Riyadh","11493","","Halal food available here","RCRIYAD_00013_conversion.jpg","","abc@gmail.com","htp@gmail.com","24.7135517","46.6752957","4","0","2016-08-30 17:27:24","2016-08-30 17:31:52","0","10","1","1","1","50","1","17:27:00","17:27:00","12","12.5","","","","","",
"638","2","a:1:{i:0;s:1:&quot;1&quot;;}","","Gopals Sweets Restaurant &amp;amp;amp; Cake Shop","9021563452","gopal","8915672501","","","","SCO 20-21, Sector 8C, Chandigarh, 160009","chandigarh","chandigarh","160101","","best quality products","gopals-sweets-restaurant.jpg","","gopal.com","gopal@gm.com","30.7375023","76.7949389","0","1","2016-08-19 06:37:59","2016-09-30 20:02:55","0","","0","1","0","15","1","09:00:00","23:00:00","10","12.5","0","","","","",
"67","0","","","ww","","","","","","","","","","","","ww","","","","","","","0","0","2016-09-07 12:45:37","2016-09-07 12:45:37","0","","0","0","0","","0","00:00:00","00:00:00","10","12.5","","","","","",
"68","0","","","sdsdsd","","","","","","","","","","","","&amp;lt;p&amp;gt;sdsdsd&amp;lt;/p&amp;gt;
","","","","","","","0","0","2016-09-07 15:08:08","2016-09-27 19:08:40","0","","0","0","0","","0","00:00:00","00:00:00","10","12.5","","","","","",
"69","0","","","Buffalo Chicken Dip Buffalo Chicken Dip","","","","","","","","","","","","&amp;lt;p&amp;gt;Buffalo wing sauce, cream cheese and ranch make a great party dip&amp;lt;/p&amp;gt;
","","","","","","","0","0","2016-07-27 06:33:19","2016-09-26 16:38:21","0","","0","0","0","","0","00:00:00","00:00:00","10","12.5","","","","","",
"709","2","a:1:{i:0;s:1:&quot;1&quot;;}","","Ceská Pivnica","0911844599","Marcel","0911844599","","","","Radlinského 39","Bratislava","Slovakia","81101","","Plánujete firemený ve?ierok, rodinné posedenie, promóciu alebo oslavu ?","logo.jpg","201215Sni?mka-obrazovky-2016-09-21-o-15.46.17-640x307.png","http://ceskapivnica.sk/","ceskapivnica@ceska-pivnica.sk","48.1547731","17.1190759","0","0","2016-10-05 20:27:24","2016-10-05 20:27:46","0","","0","1","1","","1","00:00:00","00:00:00","10","0","","","","","",
"75","0","","","Hovädzia polievko s mäsom a zeleninou","","","","","","","","","","","","","","","","","","","0","0","2016-09-24 16:38:02","2016-09-24 16:38:02","0","","0","0","0","","0","00:00:00","00:00:00","10","12.5","","","","","",
"76","0","","","Vyprážaný kurací reze?","","","","","","","","","","","","","","","","","","","0","0","2016-09-24 16:54:47","2016-09-24 16:54:47","0","","0","0","0","","0","00:00:00","00:00:00","10","12.5","","","","","",
"644","2","a:1:{i:0;s:1:&quot;1&quot;;}","","Hyatt","+966 11802 8020","Mohammad Hyatt","","","",""," El-Hedaya Ringroad, Riyadh 11493, Saudi Arabia "," Riyadh","Riyadh","11493","","Halal food available here","RCRIYAD_00013_conversion.jpg","hotel.png","abc@gmail.com","htp@gmail.com","24.7135517","46.6752957","3","1","2016-10-28 11:09:35","2016-10-28 11:10:02","0","10","1","0","0","50","1","17:27:00","17:27:00","12","12.5","11","","","","",
"645","2","a:1:{i:0;s:1:&quot;1&quot;;}","","Brasa De Brazil Jeddah","+966 12 284 2345","Akshay kumar","+966 12 284 2345","","","","Al Madinah Al Munawarah Branch Rd, Al Hamra District, Jeddah 23324, Saudi Arabia","Jeddah ","Jeddah ","23324","","great hotel is not it","brasa-de-brazil.jpg","","www.dfghsjk.dsfg","sdfgk@fjdgs","21.2854067","39.2375507","0","0","2016-09-07 15:08:04","2016-09-07 15:14:51","0","5","1","1","0","34","1","12:08:00","02:08:00","10","12.5","","","","","",
"77","0","","","srethfg","","","","","","","","","","","","sfdghdfh","","","","","","","0","0","2016-09-24 17:14:46","2016-09-24 17:14:46","0","","0","0","0","","0","00:00:00","00:00:00","10","12.5","","","","","",
"80","0","","","testing","","","","","","","","","","","","test","","","","","","","0","0","2016-09-28 18:23:56","2016-09-28 18:23:56","0","","0","0","0","","0","00:00:00","00:00:00","10","12.5","","","","","",
"81","0","","","Sparkling Drinks","","","","","","","","","","","","aaaaaaaaaaaaaaaaaaaaaaaaaaffffffffff","","","","","","","0","0","2016-09-28 18:27:31","2016-09-28 18:27:31","0","","0","0","0","","0","00:00:00","00:00:00","10","12.5","","","","","",
"73","0","","","Kuracie prsia","","","","","","","","","","","","&amp;lt;p&amp;gt;Velmi dobre kuracie prsia&amp;lt;/p&amp;gt;
","","","","","","","0","0","2016-09-23 23:39:14","2016-09-24 01:06:46","0","","0","0","0","","0","00:00:00","00:00:00","10","12.5","","","","","",
"74","0","","","Nakladaný hermelín","","","","","","","","","","","","&amp;lt;p&amp;gt;syr hermel&amp;amp;iacute;n, cibu?a, chilli&amp;lt;/p&amp;gt;
","","","","","","","0","0","2016-09-24 16:30:19","2016-09-24 16:35:34","0","","0","0","0","","0","00:00:00","00:00:00","10","12.5","","","","","",
"660","2","a:1:{i:0;s:1:&quot;1&quot;;}","","Night Factory","9855663394","Mr. Rajeshji","98123212138","","","","Rajiv Gandhi IT Park, Near DLF Commercial Complex ","Chandigarh","Chandigarh","16006234","","bvngfhhfuityur","120247Desert.jpg","","yy.com","10ds@gmail.com","30.7399738","76.7567368","4","3","2016-09-30 18:37:02","2016-09-30 18:37:36","0","300m","1","1","1","56","1","00:00:00","00:00:00","10","12.5","52","","","","",
"61","0","","","Grapefruit Basil Mimosas","","","","","","","","","","","","grape fruit mocktail drink","","","","","","","0","0","2016-08-01 01:27:56","2016-08-01 01:27:56","0","","0","0","0","","0","00:00:00","00:00:00","10","12.5","","","","","",
"871","2","s:0:&quot;&quot;;","","Al Pone","+079 332 82 93","Mr. Al Pone","","","","","Oeschmatttweg 11","Bern","","3315","","Pizza for everyone","modus-hotels-washington-story-4-top.jpg","hotel.png","al-pone.ch","info@al-pone.ch","47.1913754","7.6149723","0","0","2016-10-28 11:23:04","2016-10-28 11:23:47","0","15","1","1","0","","1","00:00:00","00:00:00","10","8.5","","","","","",
"872","512","a:1:{i:0;s:1:&quot;3&quot;;}","","Radisson ","9876543210","Mr. Radisson ","","","","","","","","","","","Florida-Hotel-Orlando-Night.jpg","hotel.png","","","","","0","0","2016-10-28 11:28:37","2016-10-28 11:29:16","0","","0","0","0","","1","00:00:00","00:00:00","10","12.5","","","","","",
"875","519","s:0:&quot;&quot;;","","Marosko","0908647227","Marosko","0909090909","","","","Tilgnerova 26","Bratislava","Slovakia","84111","","Velice fasa restauracia","hotel.png","hotel.png","www.hahahaha.sk","","48.1558429","17.0557458","0","0","2016-10-30 23:43:19","2016-10-30 23:44:24","0","","1","1","1","","1","00:00:00","00:00:00","10","0","","","","","",
"807","2","a:1:{i:0;s:1:&quot;1&quot;;}","","Western Chandigarh"," 0172 300 7777","Best Western"," 0172 300 7777","","","","Rajiv Gandhi IT Park, Near DLF Commercial Complex","Chandigarh","Punjab","160010","","Just the ambience and quality of food.","galerry_grand-hotel-el-mirador-introduction-hotels-image-3.jpg","hotel.png","thelalit.com","rajdep@gfgmo.com","30.5389944","75.9550329","5","10","2016-10-28 11:12:48","2016-10-28 11:13:21","0","","1","0","0","10","1","00:00:00","00:00:00","8","12.5","","","","","",
"5","0","","","Cannellini Bruschetta","","","","","","","","","","","","&amp;lt;p&amp;gt;Italian bread.&amp;lt;/p&amp;gt;
","","","","","","","0","0","2016-07-27 01:46:49","2016-07-30 11:04:25","0","","0","0","0","","0","00:00:00","00:00:00","10","12.5","","","","","",
"6","0","","","Radish-Anchovy Canapes","","","","","","","","","","","","&amp;lt;p&amp;gt;Finely chop 1 to 2 rinsed anchovies, 2 tablespoons parsley and 1 teaspoon grated lemon zest; mix with 1 stick softened butter. Spread on pumpernickel cocktail bread and top with thinly sliced radishes and a squeeze of lemon juice.&amp;lt;/p&amp;gt;
","","","","","","","0","0","2016-07-27 01:48:22","2016-07-30 11:07:39","0","","0","0","0","","0","00:00:00","00:00:00","10","12.5","","","","","",
"9","0","","","Hot fudge sundae","","","","","","","","","","","","The hot fudge sundae is a variation on the classic sundae and is often a creation of vanilla ice cream
","","","","","","","0","0","2016-07-27 01:54:10","2016-10-07 15:43:43","0","","0","0","0","","0","00:00:00","00:00:00","10","12.5","","","","","",
"812","2","a:1:{i:0;s:1:&quot;1&quot;;}","","Sundarams South Indian Food","897008","sandeep","98098-","","","","SCO 7, Sector 26, Madhya Marg","chandigarh","chnadigarh","160101","","nice .....hotel..","n1.jpg","","sic.com","sic@gmail.com","30.726216","76.8049157","3","30","0000-00-00 00:00:00","0000-00-00 00:00:00","0","6","1","0","0","10","1","00:00:00","00:00:00","10","12.5","","","","","",
"813","2","a:1:{i:0;s:1:&quot;1&quot;;}","","Med Malina","6679080","manisha","770890679","","","","Hlavna 81, Kosice 040 01, Slovakia","kosice","kosice","79808-0","","nice...","slide1.jpg","hotel.png","sdc.com","sdc@gmail.com","48.7234022","21.2569001","1","60","2016-10-28 11:48:25","2016-10-28 11:49:14","0","4","1","1","0","15","1","06:00:00","12:00:00","9","12.5","","","","","",
"814","2","a:1:{i:0;s:1:&quot;1&quot;;}","","Republika Vychodu","56586","seiku","79089","","","","Hlavna 31, Kosice 040 01, Slovakia","kosice","slovakia","7698789","","nice","img_pool.jpg","hotel.png","abc.com","abc@gmal.com","48.7202034","21.258917","3","0","2016-10-28 11:49:55","2016-10-28 11:50:54","0","7","1","0","0","10","1","00:00:00","00:00:00","11","12.5","","","","","",
"815","2","a:1:{i:0;s:1:&quot;1&quot;;}","","the lalit","70980","lalit","798709","","","","Rajiv Gandhi IT Park, Near DLF Commercial Complex, Chandigarh","chandigarh","chandigarh","9867868","","five star hotel","Chandigarh.jpg","","sic.com","sic@gmail.com","30.7399738","76.7567368","0","1","0000-00-00 00:00:00","0000-00-00 00:00:00","0","5","1","0","0","15","1","00:00:00","00:00:00","13","12.5","0","","","","",
"816","2","a:1:{i:0;s:1:&quot;1&quot;;}","","Al Orojuan","+966 11802 8020","Mohammad ","","","",""," El-Hedaya Mosque, Riyadh 11493, Saudi Arabia"," Riyadh","Riyadh","11493","","Halal food available here","RCRIYAD_00013_conversion.jpg","","abc@gmail.com","htp@gmail.com","24.7135517","46.6752957","4","0","0000-00-00 00:00:00","0000-00-00 00:00:00","0","10","1","1","0","50","1","17:27:00","17:27:00","12","12.5","","","","","",
"53","0","","","test1","","","","","","","","","","","","test1","","","","","","","0","0","2016-07-29 02:01:43","2016-07-29 02:01:43","0","","0","0","0","","0","00:00:00","00:00:00","10","12.5","","","","","",
"55","0","","","Adobo Seasoning","","","","","","","","","","","","&amp;lt;p&amp;gt;nice....&amp;lt;/p&amp;gt;
","","","","","","","0","0","2016-08-01 00:47:49","2016-09-30 15:31:47","0","","0","0","0","","0","00:00:00","00:00:00","10","12.5","","","","","",
"56","0","","","channa rice+rice+salad","","","","","","","","","","","","indian traditional dish","","","","","","","0","0","2016-08-01 00:52:29","2016-08-01 00:52:29","0","","0","0","0","","0","00:00:00","00:00:00","10","12.5","","","","","",
"818","2","a:1:{i:0;s:1:&quot;1&quot;;}","","The Punjab Hotel","070787 22501","Akshay Kumar","070787 22501","","","","Post Office Rd, Bijopuri"," Saharanpur"," Uttar Pradesh ","247001","","Saharanpur&amp;#039;s Best Hotel","hotel-lobby.jpg","","hotelpunjab.com","htp@gmail.com","29.9610418","77.5441815","1","0","0000-00-00 00:00:00","0000-00-00 00:00:00","0","445","1","0","0","500","1","05:34:00","05:34:00","11","12.5","","","","","",
"819","2","a:1:{i:0;s:1:&quot;1&quot;;}","","La Mia","908647227","Maros Jurkovic","908647227","","","","Tilgnerova 3","Bratislava","Slovakia","84104","","Velkmi dobra restauracia","st_48.jpg","","www.ecasnik.eu","maros.jurkovic27@gmail.com","48.1561264","17.0550792","2","0","0000-00-00 00:00:00","0000-00-00 00:00:00","0","10","1","1","0","","1","05:58:00","05:58:00","10","12.5","","","","","",
"62","0","","","Prawns","","","","","","","","","","","","exciting new flavours","","","","","","","0","0","2016-08-02 23:30:48","2016-10-08 13:47:35","0","","0","0","0","","0","00:00:00","00:00:00","10","12.5","","","","","",
"63","0","","","Nutella Ice Cream","","","","","","","","","","","","Sweet as a strawberry Sweet as a strawberry Sweet as a strawberry Sweet as a strawberry ","","","","","","","0","0","2016-08-02 23:52:20","2016-08-02 23:52:20","0","","0","0","0","","0","00:00:00","00:00:00","10","12.5","","","","","",
"821","2","a:1:{i:0;s:1:&quot;1&quot;;}","","Al Orojuan macca","+966 11802 8020","Mohammad ","","","",""," El-Hedaya Ringroad, Riyadh 11493, Saudi Arabia "," Riyadh","Riyadh","11493","","Halal food available here","RCRIYAD_00013_conversion.jpg","","abc@gmail.com","htp@gmail.com","24.7135517","46.6752957","2","0","0000-00-00 00:00:00","0000-00-00 00:00:00","0","10","1","0","0","50","1","17:27:00","17:27:00","12","12.5","","","","","",
"822","2","a:1:{i:0;s:1:&quot;1&quot;;}","","Brasa De Brazil Jeddah","+966 12 284 2345","Akshay kumar","+966 12 284 2345","","","","Al Madinah Al Munawarah Branch Rd, Al Hamra District, Jeddah 23324, Saudi Arabia","Jeddah ","Jeddah ","23324","","great hotel is not it","brasa-de-brazil.jpg","","www.dfghsjk.dsfg","sdfgk@fjdgs","21.2854067","39.2375507","0","0","0000-00-00 00:00:00","0000-00-00 00:00:00","0","5","1","1","0","34","1","12:08:00","02:08:00","10","12.5","","","","","",
"65","0","","","tiramisu","","","","","","","","","","","","&amp;lt;p&amp;gt;very good&amp;lt;/p&amp;gt;
","","","","","","","0","0","2016-08-06 06:35:49","2016-09-24 01:06:00","0","","0","0","0","","0","00:00:00","00:00:00","10","12.5","","","","","",
"824","2","a:1:{i:0;s:1:&quot;1&quot;;}","","test123","123456789","tes123","1234567","","","","chandigarh","chandigarh","punjab","160101","","this is a test ","132004Lighthouse.jpg","","test.com","test@gmail.com","30.7333148","76.7794179","0","0","0000-00-00 00:00:00","0000-00-00 00:00:00","0","10","1","1","0","10","1","20:18:00","13:14:00","10","12.5","","","","","",
"825","2","a:1:{i:0;s:1:&quot;1&quot;;}","","Rotunda","+421 905 33 66 66","Jurkovic","+421 905 33 66 66","","","","Kolískova 3, 841 05 Bratislava","Bratislava","Slovakia","4105","","Vitajte na našej stránke
Naša reštaurácia má cca 100 miest na sedenie. Pozostáva z dvoch miestností, z ktorých je jedna faj?iarska a druhá nefaj?iarská. Vonkajšiu ?as? reštaurácie tvorí priestranná terasa, ktorá ponúka cca 100 miest na sedenie.
Otváracia doba: od 11:00 hod. do 23:00 hod.
Pripravili sme pre Vás chutné pizze, špeciality talianskej a domácej gastronómie, ?apované pivo, kvalitné vína domácej produkcie, príjemná a priate?ská obsluha, pekné prostredie, široký výber nápojov a to všetko za slušné ceny. ?alšou skupinou ob?úbených jedál v našej pizzerii sú grilované jedlá - kuracie krídelká a brav?ové rebierka. Denné obedové menu ponúkame od 11:00 hod. - do 14:00 hod. za 3,90 €. Plati? môžete hotovos?ou,  všetkými druhmi stravných lístkov a  kartou. Možnos? obsluhy aj vä?ších turistických skupín alebo zájazdových autobusov ako aj usporiadania školení, svadieb, osláv, firemných ve?ierkov a pod.","162547rotunda.png","","http://restauraciarotunda.eu/","restauraciarotunda@gmail.com","48.1509622","17.0535818","0","0","0000-00-00 00:00:00","0000-00-00 00:00:00","0","30","1","1","0","","1","08:00:00","12:00:00","10","12","","","","","",
"826","2","a:1:{i:0;s:1:&quot;1&quot;;}","","Night Factory","9855663394","Mr. Rajeshji","98123212138","","","","Rajiv Gandhi IT Park, Near DLF Commercial Complex ","Chandigarh","Chandigarh","16006234","","bvngfhhfuityur","120247Desert.jpg","","yy.com","10ds@gmail.com","30.7399738","76.7567368","0","0","0000-00-00 00:00:00","0000-00-00 00:00:00","0","300m","1","1","0","56","1","00:00:00","00:00:00","10","12.5","","","","","",
"29","0","","","italian chef salad","","","","","","","","","","","","&amp;lt;p&amp;gt;Baby spinach, freshly sliced strawberries, oranges, grapes, cranberries, green onions and creamy goat cheese with raisin pecan sweet crisps and strawberry vinaigrette.&amp;lt;/p&amp;gt;
","","","","","","","0","0","2016-07-27 06:41:52","2016-10-03 18:02:15","0","","0","0","0","","0","00:00:00","00:00:00","10","12.5","","","","","",
"30","0","","","hot caramel ","","","","","","","","","","","","&amp;lt;p&amp;gt;Salted Caramel Hot Chocolate Sache&amp;lt;/p&amp;gt;
","","","","","","","0","0","2016-07-27 06:50:00","2016-09-30 19:02:54","0","","0","0","0","","0","00:00:00","00:00:00","10","12.5","","","","","",
"31","0","","","Mockmosa","","","","","","","","","","","","A surprising alternative to the Mimosa...","","","","","","","0","0","2016-07-27 06:54:00","2016-07-27 06:54:00","0","","0","0","0","","0","00:00:00","00:00:00","10","12.5","","","","","",
"32","0","","","Ajowan Seeds","","","","","","","","","","","","An easy crowd-pleaser  ","","","","","","","0","0","2016-07-27 07:01:38","2016-07-27 07:01:38","0","","0","0","0","","0","00:00:00","00:00:00","10","12.5","","","","","",
"33","0","","","cumin kebabs Chinese Chile and Cumin Lamb Kebabs ","","","","","","","","","","","","Laced with ground cumin, ground chile powder and garlic cloves, these kebabs bring together the flavors of Persia and China.","","","","","","","0","0","2016-07-27 07:04:37","2016-07-27 07:04:37","0","","0","0","0","","0","00:00:00","00:00:00","10","12.5","","","","","",
"34","0","","","Barcelona","","","","","","","","","","","","&amp;lt;p&amp;gt;Italian bread.&amp;lt;/p&amp;gt;
","","","","","","","0","0","2016-07-27 07:09:34","2016-10-19 15:48:18","0","","0","0","0","","0","00:00:00","00:00:00","10","12.5","","","","","",
"37","0","","","Habanero Powder","","","","","","","","","","","","You can find our spices and herbs alphabetically by name, or browse by category and cuisine type ....","","","","","","","0","0","2016-07-27 07:18:19","2016-07-27 07:18:19","0","","0","0","0","","0","00:00:00","00:00:00","10","12.5","","","","","",
"38","0","","","rajma rice","","","","","","","","","","","","sedf","","","","","","","0","0","2016-07-28 02:45:24","2016-07-28 02:45:24","0","","0","0","0","","0","00:00:00","00:00:00","10","12.5","","","","","",
"833","2","a:1:{i:0;s:1:&quot;1&quot;;}","","Ginger Chandigarh"," 0172 300 7777","Mr. Lalit"," 0172 300 7777","","","","Rajiv Gandhi IT Park, Near DLF Commercial Complex","Chandigarh","Punjab","160010","","Just the ambience and quality of food.","r1.jpg","","thelalit.com","rajdep@gfgmo.com","30.5389944","75.9550329","5","10","0000-00-00 00:00:00","0000-00-00 00:00:00","0","","1","0","0","10","1","00:00:00","00:00:00","8","12.5","","","","","",
"834","2","a:1:{i:0;s:1:&quot;1&quot;;}","","jw-marriot","jw-marriot","himanshi","8950578343","","","","Plot no: 6, B, Dakshin Marg, Sector 35, Chandigarh, 160035","chandigarh","chandigarh","160101","","five star hotel","r2.jpg","","abc.com","abc@gmal.com","30.729551","76.7656294","5","30","0000-00-00 00:00:00","0000-00-00 00:00:00","0","","1","1","0","15","1","00:00:00","00:00:00","15","12.5","","","","","",
"59","0","","","khari rice","","","","","","","","","","","","indian traditional dish....","","","","","","","0","0","2016-08-01 01:20:42","2016-08-01 01:20:42","0","","0","0","0","","0","00:00:00","00:00:00","10","12.5","","","","","",
"60","0","",""," Grapefruit Basil Mimosas","","","","","","","","","","","","&amp;lt;p&amp;gt;mocktail drink&amp;lt;/p&amp;gt;
","","","","","","","0","0","2016-08-01 01:25:01","2016-10-13 17:15:14","0","","0","0","0","","0","00:00:00","00:00:00","10","12.5","","","","","",
"836","2","a:1:{i:0;s:1:&quot;1&quot;;}","","Ginger Chandigarh"," 0172 300 7777","Mr. Lalit"," 0172 300 7777","","","","Rajiv Gandhi IT Park, Near DLF Commercial Complex","Chandigarh","Punjab","160010","","Just the ambience and quality of food.","r1.jpg","","thelalit.com","rajdep@gfgmo.com","30.5389944","75.9550329","5","10","0000-00-00 00:00:00","0000-00-00 00:00:00","0","","1","0","0","10","1","00:00:00","00:00:00","8","12.5","","","","","",
"57","0","","","A&amp;amp;W Root Beer Float","","","","","","","","","","","","&amp;lt;p&amp;gt;A&amp;amp;amp;W Root Beer Float is a doft drink from the USA&amp;lt;/p&amp;gt;
","","","","","","","0","0","2016-08-01 01:14:23","2016-10-12 13:47:47","0","","0","0","0","","0","00:00:00","00:00:00","10","12.5","","","","","",
"58","0","","","hot caramel sundae","","","","","","","","","","","","hot caramel sundae chocolate ice cream...","","","","","","","0","0","2016-08-01 01:17:28","2016-08-01 01:17:28","0","","0","0","0","","0","00:00:00","00:00:00","10","12.5","","","","","",
"838","2","a:1:{i:0;s:1:&quot;1&quot;;}","","Ginger Chandigarh"," 0172 300 7777","Mr. Lalit"," 0172 300 7777","","","","Rajiv Gandhi IT Park, Near DLF Commercial Complex","Chandigarh","Punjab","160010","","Just the ambience and quality of food.","r1.jpg","","thelalit.com","rajdep@gfgmo.com","30.5389944","75.9550329","5","10","0000-00-00 00:00:00","0000-00-00 00:00:00","0","","1","0","0","10","1","00:00:00","00:00:00","8","12.5","","","","","",
"839","2","a:1:{i:0;s:1:&quot;1&quot;;}","","La Mia","908647227","Maros Jurkovic","908647227","","","","Tilgnerova 3","Bratislava","Slovakia","84104","","Velkmi dobra restauracia","st_48.jpg","","www.ecasnik.eu","maros.jurkovic27@gmail.com","48.1561264","17.0550792","2","0","0000-00-00 00:00:00","0000-00-00 00:00:00","0","10","1","1","0","","1","05:58:00","05:58:00","10","12.5","","","","","",
"49","0","","","Coke","","","","","","","","","","","","fadsf","","","","","","","0","0","2016-07-28 05:34:31","2016-07-28 05:34:31","0","","0","0","0","","0","00:00:00","00:00:00","10","12.5","","","","","",
"50","0","","","french fries+momos","","","","","","","","","","","","add","","","","","","","0","0","2016-07-28 05:49:12","2016-07-28 05:49:12","0","","0","0","0","","0","00:00:00","00:00:00","10","12.5","","","","","",
"51","0","","","salad","","","","","","","","","","","","jhnlkj","","","","","","","0","0","2016-07-28 06:00:18","2016-10-08 13:48:15","0","","0","0","0","","0","00:00:00","00:00:00","10","12.5","","","","","",
"841","2","a:1:{i:0;s:1:&quot;1&quot;;}","","Al Orojuan macca","+966 11802 8020","Mohammad ","","","",""," El-Hedaya Ringroad, Riyadh 11493, Saudi Arabia "," Riyadh","Riyadh","11493","","Halal food available here","RCRIYAD_00013_conversion.jpg","","abc@gmail.com","htp@gmail.com","24.7135517","46.6752957","2","0","0000-00-00 00:00:00","0000-00-00 00:00:00","0","10","1","0","0","50","1","17:27:00","17:27:00","12","12.5","","","","","",
"842","2","a:1:{i:0;s:1:&quot;1&quot;;}","","Brasa De Brazil Jeddah","+966 12 284 2345","Akshay kumar","+966 12 284 2345","","","","Al Madinah Al Munawarah Branch Rd, Al Hamra District, Jeddah 23324, Saudi Arabia","Jeddah ","Jeddah ","23324","","great hotel is not it","brasa-de-brazil.jpg","","www.dfghsjk.dsfg","sdfgk@fjdgs","21.2854067","39.2375507","0","0","0000-00-00 00:00:00","0000-00-00 00:00:00","0","5","1","1","0","34","1","12:08:00","02:08:00","10","12.5","","","","","",
"844","2","a:1:{i:0;s:1:&quot;1&quot;;}","","test123","123456789","tes123","1234567","","","","chandigarh","chandigarh","punjab","160101","","this is a test ","132004Lighthouse.jpg","","test.com","test@gmail.com","30.7333148","76.7794179","0","1","0000-00-00 00:00:00","0000-00-00 00:00:00","0","10","1","1","0","10","1","20:18:00","13:14:00","10","12.5","0","","","","",
"845","2","a:1:{i:0;s:1:&quot;1&quot;;}","","Rotunda","+421 905 33 66 66","Jurkovic","+421 905 33 66 66","","","","Kolískova 3, 841 05 Bratislava","Bratislava","Slovakia","4105","","Vitajte na našej stránke
Naša reštaurácia má cca 100 miest na sedenie. Pozostáva z dvoch miestností, z ktorých je jedna faj?iarska a druhá nefaj?iarská. Vonkajšiu ?as? reštaurácie tvorí priestranná terasa, ktorá ponúka cca 100 miest na sedenie.
Otváracia doba: od 11:00 hod. do 23:00 hod.
Pripravili sme pre Vás chutné pizze, špeciality talianskej a domácej gastronómie, ?apované pivo, kvalitné vína domácej produkcie, príjemná a priate?ská obsluha, pekné prostredie, široký výber nápojov a to všetko za slušné ceny. ?alšou skupinou ob?úbených jedál v našej pizzerii sú grilované jedlá - kuracie krídelká a brav?ové rebierka. Denné obedové menu ponúkame od 11:00 hod. - do 14:00 hod. za 3,90 €. Plati? môžete hotovos?ou,  všetkými druhmi stravných lístkov a  kartou. Možnos? obsluhy aj vä?ších turistických skupín alebo zájazdových autobusov ako aj usporiadania školení, svadieb, osláv, firemných ve?ierkov a pod.","162547rotunda.png","","http://restauraciarotunda.eu/","restauraciarotunda@gmail.com","48.1509622","17.0535818","0","0","0000-00-00 00:00:00","0000-00-00 00:00:00","0","30","1","1","0","","1","08:00:00","12:00:00","10","12","","","","","",
"846","2","a:1:{i:0;s:1:&quot;1&quot;;}","","Night Factory","9855663394","Mr. Rajeshji","98123212138","","","","Rajiv Gandhi IT Park, Near DLF Commercial Complex ","Chandigarh","Chandigarh","16006234","","bvngfhhfuityur","120247Desert.jpg","","yy.com","10ds@gmail.com","30.7399738","76.7567368","0","0","0000-00-00 00:00:00","0000-00-00 00:00:00","0","300m","1","1","0","56","1","00:00:00","00:00:00","10","12.5","","","","","",
"48","0","","","Sweet Potato Gnudi with Sage Butter","","","","","","","","","","","","

 Cazuela &amp;quot;&amp;#039;Gnudi&amp;#039; (or &amp;#039;naked&amp;#039; ravioli without a pasta jacket) are tender dumplings simmered like gnocchi and, when made with sweet potatoes and finished in sage butter, present beautifully for a delicious autumn dish.&amp;quot;","","","","","","","0","0","2016-07-28 05:31:20","2016-07-28 05:31:20","0","","0","0","0","","0","00:00:00","00:00:00","10","12.5","","","","","",
"45","0","","","hot caramel sundae","","","","","","","","","","","","&amp;lt;p&amp;gt;Salted Caramel Hot Chocolate Sache&amp;lt;/p&amp;gt;
","","","","","","","0","0","2016-07-28 04:56:39","2016-09-30 16:13:47","0","","0","0","0","","0","00:00:00","00:00:00","10","12.5","","","","","",
"24","0","","","Polenta &amp;amp; goat&amp;#039;s cheese stacks","","","","","","","","","","","","This restaurant-quality main course is sure to dazzle – just make sure you don’t forget the vegetarian Parmesan, as often the regular variety contains animal rennet.","","","","","","","0","0","2016-07-27 04:36:08","2016-07-27 04:36:08","0","","0","0","0","","0","00:00:00","00:00:00","10","12.5","","","","","",
"22","0","","","Sparkling Cucumber Cooler","","","","","","","","","","","","pure cane sugar","","","","","","","0","0","2016-07-27 03:06:55","2016-07-27 03:06:55","0","","0","0","0","","0","00:00:00","00:00:00","10","12.5","","","","","",
"23","0","","","Golden-glazed carrot, mushroom &amp;amp; hazelnut tart","","","","","","","","","","","","the mushroom mix or assemble most of this beautiful pie in advance, saving you precious minutes on the day itself. ","","","","","","","0","0","2016-07-27 04:33:33","2016-07-27 04:33:33","0","","0","0","0","","0","00:00:00","00:00:00","10","12.5","","","","","",
"20","0","","","Nojito","","","","","","","","","","","","A Mojito with all the flavor, but none of the rum.","","","","","","","0","0","2016-07-27 02:50:57","2016-07-27 02:50:57","0","","0","0","0","","0","00:00:00","00:00:00","10","12.5","","","","","",
"21","0","",""," Strawberry Gin Smash ","","","","","","","","","","","","An easy crowd-pleaser that highlights the early strawberry season.
","","","","","","","0","0","2016-07-27 02:55:40","2016-10-17 16:05:26","0","","0","0","0","","0","00:00:00","00:00:00","10","12.5","","","","","",
"19","0","","","Mockmosa","","","","","","","","","","","","A surprising alternative to the Mimosa, due to using sparkling white grape juice instead of sparkling apple cider.","","","","","","","0","0","2016-07-27 02:48:31","2016-07-27 02:48:31","0","","0","0","0","","0","00:00:00","00:00:00","10","12.5","","","","","",
"853","2","a:1:{i:0;s:1:&quot;1&quot;;}","","Ginger Chandigarh"," 0172 300 7777","Mr. Lalit"," 0172 300 7777","","","","Rajiv Gandhi IT Park, Near DLF Commercial Complex","Chandigarh","Punjab","160010","","Just the ambience and quality of food.","r1.jpg","","thelalit.com","rajdep@gfgmo.com","30.5389944","75.9550329","5","10","0000-00-00 00:00:00","0000-00-00 00:00:00","0","","1","0","0","10","1","00:00:00","00:00:00","8","12.5","","","","","",
"15","0","","","Cranberry-Pate Bites","","","","","","","","","","",""," Top with chopped parsley
","","","","","","","0","0","2016-07-27 02:08:01","2016-07-27 02:08:01","0","","0","0","0","","0","00:00:00","00:00:00","10","12.5","","","","","",
"16","0","","","Stuffed Cherry Peppers","","","","","","","","","","","","Serve with toothpicks","","","","","","","0","0","2016-07-27 02:16:54","2016-07-27 02:16:54","0","","0","0","0","","0","00:00:00","00:00:00","10","12.5","","","","","",
"17","0","","","crispy aloo pakoras","","","","","","","","","","","","Crispy aloo pakoras, or crispy potato fritters are a flavorful and delicious snack specially when it is served with cilantro chutney, and hot cup of chai. They are easy and quick to make.","","","","","","","0","0","2016-07-27 02:27:08","2016-07-27 02:27:08","0","","0","0","0","","0","00:00:00","00:00:00","10","12.5","","","","","",
"18","0","","","chiroti(khaja)","","","","","","","","","","","","Chiroti, also known as khaja, this is a crispy sugar coated puri a delicious snack. Chiroti is a traditional Maharashtrian delicacy. ","","","","","","","0","0","2016-07-27 02:28:56","2016-07-27 02:28:56","0","","0","0","0","","0","00:00:00","00:00:00","10","12.5","","","","","",
"13","0","","","Romesco Dip","","","","","","","","","","","","Served with breadsticks or crackers.

","","","","","","","0","0","2016-07-27 02:00:36","2016-07-27 02:00:36","0","","0","0","0","","0","00:00:00","00:00:00","10","12.5","","","","","",
"14","0","","","hot caramel ","","","","","","","","","","","","This is a variation of the hot fudge sundae in which heated caramel sauce replaces the heated chocolate sauce. The other ingredients remain unchanged.","","","","","","","0","0","2016-07-27 02:01:13","2016-07-27 02:01:13","0","","0","0","0","","0","00:00:00","00:00:00","10","12.5","","","","","",
"10","0","","","Pomegranate Guacamole","","","","","","","","","","","","Textured with White Sauce, Authentic Aroma ","","","","","","","0","0","2016-07-27 01:55:59","2016-07-27 01:55:59","0","","0","0","0","","0","00:00:00","00:00:00","10","12.5","","","","","",
"11","0","","","Fried Ravioli","","","","","","","","","","","","&amp;lt;p&amp;gt;Served with warm marinara sauce.&amp;lt;/p&amp;gt;
","","","","","","","0","0","2016-07-27 01:58:26","2016-10-01 15:08:34","0","","0","0","0","","0","00:00:00","00:00:00","10","12.5","","","","","",
"12","0","","","strawberry sundae","","","","","","","","","","","","The hot fudge sundae is a variation on the classic sundae and is often a creation of vanilla ice cream, sprinkles, hot chocolate sauce (hence the &amp;quot;hot fudge&amp;quot;), whipped cream, nuts, and a single bright-red maraschino cherry on top","","","","","","","0","0","2016-07-27 01:59:15","2016-07-27 01:59:15","0","","0","0","0","","0","00:00:00","00:00:00","10","12.5","","","","","",
"867","427","a:1:{i:0;s:1:&quot;1&quot;;}","","Sheraton","0172 4001213","Rajdeep Singh","6611802778020","","","","315-316, Sector 35B","Chandigarh","Chandigarh","","","","hotel-entrance-1.jpg","corporate.jpg","depit9@gmail.com","srishti@futureworktechnologiew.com","30.7259791","76.7646712","0","0","2016-10-28 11:46:04","2016-10-28 11:47:03","0","25","1","1","1","","1","00:00:00","00:00:00","10","0","","","","","",
"876","520","a:1:{i:0;s:1:&quot;3&quot;;}","","buffalo house","7540694078","jawad shaker","07540694078","","","","saudi arabia","jeddah","essex","co2 8yp","","restaurant example","064719download.png","064719IMG_1561.JPG","","dooodz_1990@hotmail.com","21.2854067","39.2375507","0","0","2016-10-31 07:31:52","2016-10-31 07:31:57","0","8","1","1","1","","1","00:00:00","00:00:00","10","0","","10","10","10","10",
"874","518","","","Kuwait Rest","","","","","","","","","","","","","","","","","","","0","0","2016-10-29 16:59:56","2016-10-29 16:59:56","0","","0","0","0","","1","00:00:00","00:00:00","10","0","","","","","",
"83","0","","","Pizza","","","","","","","","","","","","Delicious Awesome","","","","","","","0","0","2016-09-29 15:51:06","2016-09-29 15:51:06","0","","0","0","0","","0","00:00:00","00:00:00","10","12.5","","","","","",
"84","0","","","Coconut milk  powder","","","","","","","","","","","","Awesome to eat","","","","","","","0","0","2016-09-29 16:02:18","2016-09-29 16:02:18","0","","0","0","0","","0","00:00:00","00:00:00","10","12.5","","","","","",
"85","0","","","Asafoetida ","","","","","","","","","","","","It is sold in blocks or pieces as a gum and more frequently as a fine yellow powder, sometimes ","","","","","","","0","0","2016-07-28 06:48:15","2016-09-29 17:08:26","0","","0","0","0","","0","00:00:00","00:00:00","10","12.5","","","","","",
"88","0","","","pizza","","","","","","","","","","","","tasty, yummy with extra topping ...gdfgsdfgsdfg cvbhdghdfhg fghdfhg
","","","","","","","0","0","2016-09-29 17:29:43","2016-10-13 17:56:53","0","","0","0","0","","0","00:00:00","00:00:00","10","12.5","","","","","",
"89","0","","","pizza","","","","","","","","","","","","Tasty,Yummy With Extra Toppingsdsdfgsdfg dhgdghdfgsdfg gsfd","","","","","","","0","0","2016-09-29 17:32:21","2016-09-29 17:32:21","0","","0","0","0","","0","00:00:00","00:00:00","10","12.5","","","","","",
"90","0","","","pizza","","","","","","","","","","","","Tasty,Yummy With Extra Topping sdfgsfhg sfdgbjfd asdfajhwqr8euwsd","","","","","","","0","0","2016-09-29 17:33:32","2016-09-29 17:33:32","0","","0","0","0","","0","00:00:00","00:00:00","10","12.5","","","","","",
"91","0","","","Hranolky","","","","","","","","","","","","","","","","","","","0","0","2016-10-05 18:33:56","2016-10-05 18:33:56","0","","0","0","0","","0","00:00:00","00:00:00","10","12.5","","","","","",
"92","0","","","Hor?ica","","","","","","","","","","","","","","","","","","","0","0","2016-10-05 20:24:27","2016-10-05 20:28:33","0","","0","0","0","","0","00:00:00","00:00:00","10","12.5","","","","","",
"93","0","","","Ke?up","","","","","","","","","","","","","","","","","","","0","0","2016-10-05 20:29:49","2016-10-05 20:29:49","0","","0","0","0","","0","00:00:00","00:00:00","10","12.5","","","","","",
"94","0","","","Tatárska omá?ka","","","","","","","","","","","","","","","","","","","0","0","2016-10-05 20:31:57","2016-10-05 20:31:57","0","","0","0","0","","0","00:00:00","00:00:00","10","12.5","","","","","",
"95","0","","","Cesnakový desing","","","","","","","","","","","","","","","","","","","0","0","2016-10-05 20:33:10","2016-10-05 20:33:10","0","","0","0","0","","0","00:00:00","00:00:00","10","12.5","","","","","",
"96","0","","","Syrová omá?ka","","","","","","","","","","","","","","","","","","","0","0","2016-10-05 20:34:33","2016-10-05 20:34:33","0","","0","0","0","","0","00:00:00","00:00:00","10","12.5","","","","","",
"97","0","","","Pikantná omá?ka","","","","","","","","","","","","","","","","","","","0","0","2016-10-05 20:36:17","2016-10-08 12:59:58","0","","0","0","0","","0","00:00:00","00:00:00","10","12.5","","","","","",
"98","0","","","Dubáková omá?ka","","","","","","","","","","","","","","","","","","","0","0","2016-10-05 20:38:03","2016-10-05 20:38:03","0","","0","0","0","","0","00:00:00","00:00:00","10","12.5","","","","","",
"99","0","","","Dijonska omá?ka","","","","","","","","","","","","","","","","","","","0","0","2016-10-05 20:39:19","2016-10-05 20:39:19","0","","0","0","0","","0","00:00:00","00:00:00","10","12.5","","","","","",
"100","0","","","Zemiaky na masle s petržlenovou v?a?ou","","","","","","","","","","","","","","","","","","","0","0","2016-10-05 20:42:46","2016-10-05 20:42:46","0","","0","0","0","","0","00:00:00","00:00:00","10","12.5","","","","","",
"101","0","","","Pe?ený zemiak v šupke s kyslou smotanou","","","","","","","","","","","","","","","","","","","0","0","2016-10-05 20:48:33","2016-10-05 20:48:33","0","","0","0","0","","0","00:00:00","00:00:00","10","12.5","","","","","",
"102","0","","","Zemiaková kaša","","","","","","","","","","","","","","","","","","","0","0","2016-10-05 20:51:44","2016-10-05 20:51:44","0","","0","0","0","","0","00:00:00","00:00:00","10","12.5","","","","","",
"103","0","","","Ryža","","","","","","","","","","","","","","","","","","","0","0","2016-10-05 20:55:52","2016-10-05 20:55:52","0","","0","0","0","","0","00:00:00","00:00:00","10","12.5","","","","","",
"104","0","","","Hranolky","","","","","","","","","","","","","","","","","","","0","0","2016-10-05 20:57:39","2016-10-05 20:57:39","0","","0","0","0","","0","00:00:00","00:00:00","10","12.5","","","","","",
"105","0","","","Parená kned?a","","","","","","","","","","","","","","","","","","","0","0","2016-10-05 21:00:57","2016-10-05 21:00:57","0","","0","0","0","","0","00:00:00","00:00:00","10","12.5","","","","","",
"106","0","","","Domáci žem?ový knedlík","","","","","","","","","","","","","","","","","","","0","0","2016-10-05 21:03:40","2016-10-05 21:03:40","0","","0","0","0","","0","00:00:00","00:00:00","10","12.5","","","","","",
"107","0","","","Chlieb 2ks","","","","","","","","","","","","","","","","","","","0","0","2016-10-05 21:06:26","2016-10-08 12:58:37","0","","0","0","0","","0","00:00:00","00:00:00","10","12.5","","","","","",
"108","0","","","Cesnaková bagetka 2ks","","","","","","","","","","","","","","","","","","","0","0","2016-10-05 21:08:14","2016-10-05 21:10:07","0","","0","0","0","","0","00:00:00","00:00:00","10","12.5","","","","","",
"109","0","","","Grilovaná zelenina","","","","","","","","","","","","","","","","","","","0","0","2016-10-05 21:09:32","2016-10-05 21:09:32","0","","0","0","0","","0","00:00:00","00:00:00","10","12.5","","","","","",
"110","0","","","Baranie rohy","","","","","","","","","","","","","","","","","","","0","0","2016-10-05 21:11:07","2016-10-05 21:11:07","0","","0","0","0","","0","00:00:00","00:00:00","10","12.5","","","","","",
"111","0","","","Feferóny","","","","","","","","","","","","","","","","","","","0","0","2016-10-05 21:12:26","2016-10-05 21:12:26","0","","0","0","0","","0","00:00:00","00:00:00","10","12.5","","","","","",
"112","0","","","Domáci chren","","","","","","","","","","","","","","","","","","","0","0","2016-10-05 21:13:37","2016-10-05 21:13:37","0","","0","0","0","","0","00:00:00","00:00:00","10","12.5","","","","","",
"113","0","","","Palacinky s nuttelou, vanilkovým krémom, banánom a š?aha?kou ","","","","","","","","","","","","","","","","","","","0","0","2016-10-05 21:17:14","2016-10-08 12:59:39","0","","0","0","0","","0","00:00:00","00:00:00","10","12.5","","","","","",
"114","0","","","Palacinky s džemom, lesným ovocím a š?aha?kou","","","","","","","","","","","","","","","","","","","0","0","2016-10-05 21:18:22","2016-10-08 12:59:25","0","","0","0","0","","0","00:00:00","00:00:00","10","12.5","","","","","",
"115","0","","","Dubákové rizoto","","","","","","","","","","","","&amp;lt;p&amp;gt;Ryža Arborio, medajl&amp;amp;oacute;nky z brav?ovej panenky, dub&amp;amp;aacute;ky, parmez&amp;amp;aacute;n, rukola&amp;lt;/p&amp;gt;
","","","","","","","0","0","2016-10-05 21:20:23","2016-10-05 21:21:40","0","","0","0","0","","0","00:00:00","00:00:00","10","12.5","","","","","",
"116","0","","","Špenátové rizoto","","","","","","","","","","",""," Ryža Arborio, kuracie soté, listový špenát, parmezán","","","","","","","0","0","2016-10-05 21:22:54","2016-10-05 21:22:54","0","","0","0","0","","0","00:00:00","00:00:00","10","12.5","","","","","",
"117","0","","","Staro?eský guláš","","","","","","","","","","","","hovädzie predné, cibu?ka, feferónka s domácim žem?ovým knedlíkom a ?erstvým chrenom","","","","","","","0","0","2016-10-05 21:26:58","2016-10-05 21:26:58","0","","0","0","0","","0","00:00:00","00:00:00","10","12.5","","","","","",
"118","0","","","Svie?ková na smotane","","","","","","","","","","","","hovädzie zadné , parená domáca kned?a, brusnicový dip","","","","","","","0","0","2016-10-05 21:36:33","2016-10-05 21:36:33","0","","0","0","0","","0","00:00:00","00:00:00","10","12.5","","","","","",
"119","0","","","Vep?o, knedlo, zelo","","","","","","","","","","","","brav?ové pe?ené mäso s domácou parenou kned?ou a kapustou","","","","","","","0","0","2016-10-05 21:37:56","2016-10-05 21:37:56","0","","0","0","0","","0","00:00:00","00:00:00","10","12.5","","","","","",
"120","0","","","Grilované ka?acie prsia","","","","","","","","","","","","&amp;lt;p&amp;gt;ka?acie prsia s redukciou ?erven&amp;amp;eacute;ho v&amp;amp;iacute;na, pu?en&amp;amp;eacute; zemiaky s cibu?kou&amp;lt;/p&amp;gt;
","","","","","","","0","0","2016-10-05 21:40:40","2016-10-06 00:23:52","0","","0","0","0","","0","00:00:00","00:00:00","10","12.5","","","","","",
"121","0","","","Hovädzie pe?ené s kôprovou omá?kou","","","","","","","","","","","","(pe?ené hovädzie zadné preliate smotanovou kôprovou omá?kou, domáca kned?a","","","","","","","0","0","2016-10-05 21:43:08","2016-10-05 21:43:08","0","","0","0","0","","0","00:00:00","00:00:00","10","12.5","","","","","",
"122","0","","","Brav?ová krkovi?ka na pive","","","","","","","","","","","","&amp;lt;p&amp;gt;&amp;lt;font&amp;gt;&amp;lt;font&amp;gt;brav?ov&amp;amp;aacute; krkovi?ka na ?iernom pive s cibu?kou, cesnakom slaninkou, zemiakov&amp;amp;eacute; Kasa&amp;lt;/font&amp;gt;&amp;lt;/font&amp;gt;&amp;lt;/p&amp;gt;
","","","","","","","0","0","2016-10-05 21:45:38","2016-10-07 00:00:29","0","","0","0","0","","0","00:00:00","00:00:00","10","12.5","","","","","",
"123","0","","","Kurací steak","","","","","","","","","","","","steak z kuracích p?s na štvorfarebnom korení","","","","","","","0","0","2016-10-05 23:26:28","2016-10-05 23:26:28","0","","0","0","0","","0","00:00:00","00:00:00","10","12.5","","","","","",
"124","0","","","Vyprážaný kurací reze?","","","","","","","","","","","","kuracie prsia v trojobale so sezamom","","","","","","","0","0","2016-10-05 23:29:36","2016-10-05 23:29:36","0","","0","0","0","","0","00:00:00","00:00:00","10","12.5","","","","","",
"125","0","","","Kuracia kapsa","","","","","","","","","","","","kuracie prsia plnené syrom a šunkou","","","","","","","0","0","2016-10-05 23:32:26","2016-10-05 23:32:26","0","","0","0","0","","0","00:00:00","00:00:00","10","12.5","","","","","",
"126","0","","","Kuracia kapsa","","","","","","","","","","","","kuracie prsia plnené syrom a šunkou","","","","","","","0","0","2016-10-05 23:32:27","2016-10-05 23:32:27","0","","0","0","0","","0","00:00:00","00:00:00","10","12.5","","","","","",
"127","0","","","Brav?ová kapsa","","","","","","","","","","","","&amp;lt;p&amp;gt;brav?ov&amp;amp;eacute; kar&amp;amp;eacute; plnen&amp;amp;eacute; sal&amp;amp;aacute;mou a romad&amp;amp;uacute;rom&amp;lt;/p&amp;gt;
","","","","","","","0","0","2016-10-05 23:35:08","2016-10-06 12:50:44","0","","0","0","0","","0","00:00:00","00:00:00","10","12.5","","","","","",
"128","0","","","Vyprážaný brav?ový reze?","","","","","","","","","","","","&amp;lt;p&amp;gt;brav?ov&amp;amp;eacute; kar&amp;amp;eacute; v trojobale&amp;lt;/p&amp;gt;
","","","","","","","0","0","2016-10-05 23:37:23","2016-10-05 23:39:18","0","","0","0","0","","0","00:00:00","00:00:00","10","12.5","","","","","",
"129","0","","","?ernohorský reze?","","","","","","","","","","","","&amp;lt;p&amp;gt;&amp;lt;font&amp;gt;&amp;lt;font&amp;gt;kuracie m&amp;amp;auml;so Alebo brav?ov&amp;amp;eacute; v zemiakovom cesti?ku tak syrom&amp;lt;/font&amp;gt;&amp;lt;/font&amp;gt;&amp;lt;/p&amp;gt;
","","","","","","","0","0","2016-10-05 23:43:03","2016-10-07 00:10:14","0","","0","0","0","","0","00:00:00","00:00:00","10","12.5","","","","","",
"130","0","","","Medajlónky z brav?ovej panenky","","","","","","","","","","","","brav?ová panenka na grile, omá?ka pod?a vlastného výberu","","","","","","","0","0","2016-10-05 23:45:39","2016-10-05 23:45:39","0","","0","0","0","","0","00:00:00","00:00:00","10","12.5","","","","","",
"131","0","","","Vyprážaný syr","","","","","","","","","","","","eidam v trojobale","","","","","","","0","0","2016-10-05 23:47:30","2016-10-05 23:47:30","0","","0","0","0","","0","00:00:00","00:00:00","10","12.5","","","","","",
"132","0","","","Grilovaný encián s brusnicami","","","","","","","","","","","","zrejúci syr na grile s brusnicovým dipom","","","","","","","0","0","2016-10-05 23:50:05","2016-10-05 23:50:05","0","","0","0","0","","0","00:00:00","00:00:00","10","12.5","","","","","",
"133","0","","","Bryndzové pirohy so slaninkou, kyslou smotanou a pažítkou ","","","","","","","","","","","","","","","","","","","0","0","2016-10-05 23:51:49","2016-10-05 23:51:49","0","","0","0","0","","0","00:00:00","00:00:00","10","12.5","","","","","",
"134","0","","","Bryndzové halušky","","","","","","","","","","","","","","","","","","","0","0","2016-10-05 23:53:25","2016-10-05 23:53:25","0","","0","0","0","","0","00:00:00","00:00:00","10","12.5","","","","","",
"135","0","","","Burger","","","","","","","","","","","","&amp;lt;p&amp;gt;mlet&amp;amp;eacute; hov&amp;amp;auml;dzie m&amp;amp;auml;so, sezamov&amp;amp;aacute; žem?a, slanina, cibu?ka, syr cheddar, dresing pod&amp;amp;aacute;van&amp;amp;yacute; s hranolkami&amp;lt;/p&amp;gt;
","","","","","","","0","0","2016-10-05 23:55:50","2016-10-08 12:58:21","0","","0","0","0","","0","00:00:00","00:00:00","10","12.5","","","","","",
"136","0","","","Grilované kolienko","","","","","","","","","","","","&amp;lt;p&amp;gt;Marinovan&amp;amp;eacute; predn&amp;amp;eacute; brav?ov&amp;amp;eacute; koleno s cesnakom, kysl&amp;amp;aacute; obloha, dressing, chlieb&amp;lt;/p&amp;gt;
","","","","","","","0","0","2016-10-06 00:00:39","2016-10-06 00:21:38","0","","0","0","0","","0","00:00:00","00:00:00","10","12.5","","","","","",
"137","0","","","Grilované rebierka","","","","","","","","","","","","&amp;lt;p&amp;gt;Marinovan&amp;amp;eacute; brav?ov&amp;amp;eacute; rebierka s cesnakom, kysl&amp;amp;aacute; obloha, dressing, chlieb&amp;lt;/p&amp;gt;
","","","","","","","0","0","2016-10-06 00:02:29","2016-10-06 00:23:09","0","","0","0","0","","0","00:00:00","00:00:00","10","12.5","","","","","",
"138","0","","","Grilované kuracie krídelká","","","","","","","","","","","","Marinované kuracie krídelká so sezamom, kyslá obloha, dressing, chlieb","","","","","","","0","0","2016-10-06 00:04:35","2016-10-06 00:04:35","0","","0","0","0","","0","00:00:00","00:00:00","10","12.5","","","","","",
"139","0","","","Pravý slepa?í vývar","","","","","","","","","","","","&amp;lt;p&amp;gt;Slepa?&amp;amp;iacute; v&amp;amp;yacute;var s k&amp;amp;uacute;skami sliepky, zeleninou a rezancami&amp;lt;/p&amp;gt;
","","","","","","","0","0","2016-10-06 00:06:32","2016-10-06 00:07:22","0","","0","0","0","","0","00:00:00","00:00:00","10","12.5","","","","","",
"140","0","","","Loštická cesna?ka v bosniaku","","","","","","","","","","","","Cesnaková polievka so zemiakmi, slaninkou a smotanou v bosniaku","","","","","","","0","0","2016-10-06 00:08:52","2016-10-06 00:08:52","0","","0","0","0","","0","00:00:00","00:00:00","10","12.5","","","","","",
"141","0","","","Moravská kapustnica","","","","","","","","","","","","Tradi?ná kapustnica s údeným mäskom a klobásou","","","","","","","0","0","2016-10-06 00:11:25","2016-10-06 00:11:25","0","","0","0","0","","0","00:00:00","00:00:00","10","12.5","","","","","",
"142","0","","","Fazu?ová polievka Jokai","","","","","","","","","","",""," Polievka z tmavej fazu?e s kúskami udeného mäsa a širokými rezancami","","","","","","","0","0","2016-10-06 00:13:09","2016-10-06 00:13:09","0","","0","0","0","","0","00:00:00","00:00:00","10","12.5","","","","","",
"143","0","","","Utopenci","","","","","","","","","","","","Špeká?ik nakladaný cibu?kou, cesnakom, feferónkou, chlieb","","","","","","","0","0","2016-10-06 00:26:41","2016-10-06 00:26:41","0","","0","0","0","","0","00:00:00","00:00:00","10","12.5","","","","","",
"144","0","","","Upe?enci","","","","","","","","","","","","Špeká?ik pe?ený na ?iernom pive, kyslá obloha, chlieb","","","","","","","0","0","2016-10-06 00:28:59","2016-10-06 00:28:59","0","","0","0","0","","0","00:00:00","00:00:00","10","12.5","","","","","",
"145","0","","","Nakladaný hermelín","","","","","","","","","","","","Hermelín naložený v olivovom oleji s cibu?kou, cesnakom, feferónkou, chlieb","","","","","","","0","0","2016-10-06 00:31:35","2016-10-06 00:31:35","0","","0","0","0","","0","00:00:00","00:00:00","10","12.5","","","","","",
"146","0","","","Domáca zabíja?ková tla?enka","","","","","","","","","","","","Brav?ová tla?enka s octom a cibu?kou, chlieb","","","","","","","0","0","2016-10-06 00:39:39","2016-10-06 00:39:39","0","","0","0","0","","0","00:00:00","00:00:00","10","12.5","","","","","",
"147","0","","","Ka?acia paštéta","","","","","","","","","","","","Paštéta z ka?acej pe?ene na cibu?ke a ka?acej masti, bagetka","","","","","","","0","0","2016-10-06 00:43:27","2016-10-06 00:43:27","0","","0","0","0","","0","00:00:00","00:00:00","10","12.5","","","","","",
"148","0","","","Bakalá? nealko za studena chmelený","","","","","","","","","","","","","","","","","","","0","0","2016-10-06 21:58:07","2016-10-06 21:58:07","0","","0","0","0","","0","00:00:00","00:00:00","10","12.5","","","","","",
"149","0","","","Bakalá? 10º","","","","","","","","","","","","","","","","","","","0","0","2016-10-06 22:01:25","2016-10-06 22:01:25","0","","0","0","0","","0","00:00:00","00:00:00","10","12.5","","","","","",
"150","0","","","Bakalá? 10º","","","","","","","","","","","","","","","","","","","0","0","2016-10-06 22:04:51","2016-10-06 22:04:51","0","","0","0","0","","0","00:00:00","00:00:00","10","12.5","","","","","",
"151","0","","","Bakalá? 14° medový špeciál","","","","","","","","","","","","","","","","","","","0","0","2016-10-06 22:08:00","2016-10-06 22:08:00","0","","0","0","0","","0","00:00:00","00:00:00","10","12.5","","","","","",
"152","0","","","Slané pivné palice","","","","","","","","","","","","","","","","","","","0","0","2016-10-06 22:11:08","2016-10-08 12:59:14","0","","0","0","0","","0","00:00:00","00:00:00","10","12.5","","","","","",
"153","0","","","Arasidy","","","","","","","","","","","","","","","","","","","0","0","2016-10-06 22:12:28","2016-10-07 17:07:11","0","","0","0","0","","0","00:00:00","00:00:00","10","12.5","","","","","",
"154","0","","","Pistácie","","","","","","","","","","","","","","","","","","","0","0","2016-10-06 22:13:55","2016-10-08 12:59:56","0","","0","0","0","","0","00:00:00","00:00:00","10","12.5","","","","","",
"155","0","","","Espresso “Galliano”","","","","","","","","","","","","","","","","","","","0","0","2016-10-06 22:17:01","2016-10-08 12:58:50","0","","0","0","0","","0","00:00:00","00:00:00","10","12.5","","","","","",
"156","0","","","Cappuccino","","","","","","","","","","","","","","","","","","","0","0","2016-10-06 22:17:52","2016-10-06 22:17:52","0","","0","0","0","","0","00:00:00","00:00:00","10","12.5","","","","","",
"157","0","","","Caffe latte","","","","","","","","","","","","","","","","","","","0","0","2016-10-06 22:18:32","2016-10-06 22:18:32","0","","0","0","0","","0","00:00:00","00:00:00","10","12.5","","","","","",
"158","0","","","?aj porcovaný","","","","","","","","","","","","","","","","","","","0","0","2016-10-06 22:20:01","2016-10-06 22:20:01","0","","0","0","0","","0","00:00:00","00:00:00","10","12.5","","","","","",
"159","0","","","med","","","","","","","","","","","","","","","","","","","0","0","2016-10-06 22:22:21","2016-10-06 22:22:21","0","","0","0","0","","0","00:00:00","00:00:00","10","12.5","","","","","",
"160","0","","","Martini dry","","","","","","","","","","","","","","","","","","","0","0","2016-10-06 22:26:08","2016-10-06 22:26:08","0","","0","0","0","","0","00:00:00","00:00:00","10","12.5","","","","","",
"161","0","","","Biele víno rozlievané","","","","","","","","","","","","","","","","","","","0","0","2016-10-06 23:32:02","2016-10-06 23:32:02","0","","0","0","0","","0","00:00:00","00:00:00","10","12.5","","","","","",
"162","0","","","?ervené víno rozlievané","","","","","","","","","","","","","","","","","","","0","0","2016-10-06 23:32:55","2016-10-06 23:32:55","0","","0","0","0","","0","00:00:00","00:00:00","10","12.5","","","","","",
"163","0","","","Absolut vodka","","","","","","","","","","","","","","","","","","","0","0","2016-10-06 23:35:29","2016-10-06 23:35:29","0","","0","0","0","","0","00:00:00","00:00:00","10","12.5","","","","","",
"164","0","","","Beefeater gin","","","","","","","","","","","","","","","","","","","0","0","2016-10-06 23:36:28","2016-10-06 23:36:28","0","","0","0","0","","0","00:00:00","00:00:00","10","12.5","","","","","",
"165","0","","","Tequila gold","","","","","","","","","","","","","","","","","","","0","0","2016-10-06 23:37:31","2016-10-06 23:37:31","0","","0","0","0","","0","00:00:00","00:00:00","10","12.5","","","","","",
"166","0","","","Borovi?ka spiš","","","","","","","","","","","","","","","","","","","0","0","2016-10-06 23:38:44","2016-10-06 23:38:44","0","","0","0","0","","0","00:00:00","00:00:00","10","12.5","","","","","",
"167","0","","","Slivovica 52º Jelínek","","","","","","","","","","","","","","","","","","","0","0","2016-10-06 23:41:01","2016-10-06 23:41:01","0","","0","0","0","","0","00:00:00","00:00:00","10","12.5","","","","","",
"168","0","","","Kofola original 0,5","","","","","","","","","","","","","","","","","","","0","0","2016-10-06 23:43:35","2016-10-06 23:43:35","0","","0","0","0","","0","00:00:00","00:00:00","10","12.5","","","","","",
"169","0","","","Kofola original 0,3","","","","","","","","","","","","","","","","","","","0","0","2016-10-06 23:45:52","2016-10-08 12:58:08","0","","0","0","0","","0","00:00:00","00:00:00","10","12.5","","","","","",
"303","0","","","Cannellini Bruschetta","","","","","","","","","","","","&amp;amp;lt;p&amp;amp;gt;Italian bread.&amp;amp;lt;/p&amp;amp;gt;
","","","","","","","0","0","0000-00-00 00:00:00","0000-00-00 00:00:00","0","","0","0","0","","0","00:00:00","00:00:00","10","12.5","","","","","",
"304","0","","","Radish-Anchovy Canapes","","","","","","","","","","","","&amp;amp;lt;p&amp;amp;gt;Finely chop 1 to 2 rinsed anchovies, 2 tablespoons parsley and 1 teaspoon grated lemon zest; mix with 1 stick softened butter. Spread on pumpernickel cocktail bread and top with thinly sliced radishes and a squeeze of lemon juice.&amp;amp;lt;/p&amp;amp;gt;
","","","","","","","0","0","0000-00-00 00:00:00","0000-00-00 00:00:00","0","","0","0","0","","0","00:00:00","00:00:00","10","12.5","","","","","",
"305","0","","","test product","","","","","","","","","","","","testing","","","","","","","0","0","2016-10-08 17:36:10","2016-10-08 17:36:10","0","","0","0","0","","0","00:00:00","00:00:00","10","12.5","","","","","",
"307","0","","","test411","","","","","","","","","","","","&amp;lt;p&amp;gt;test411&amp;lt;/p&amp;gt;
","","","","","","","0","0","2016-10-10 18:02:46","2016-10-10 20:53:50","0","","0","0","0","","0","00:00:00","00:00:00","10","12.5","","","","","",
"308","0","","","test412","","","","","","","","","","","","test","","","","","","","0","0","2016-10-10 18:15:44","2016-10-10 18:15:44","0","","0","0","0","","0","00:00:00","00:00:00","10","12.5","","","","","",
"309","0","","","Sparkling Drinks","","","","","","","","","","","","hgfgh","","","","","","","0","0","2016-10-10 20:04:56","2016-10-10 20:04:56","0","","0","0","0","","0","00:00:00","00:00:00","10","12.5","","","","","",
"310","0","","","Sparkling ","","","","","","","","","","","","&amp;lt;p&amp;gt;hgfgh&amp;lt;/p&amp;gt;
","","","","","","","0","0","2016-10-10 20:05:39","2016-10-10 20:48:33","0","","0","0","0","","0","00:00:00","00:00:00","10","12.5","","","","","",
"311","0","","","tesssss","","","","","","","","","","","","tessss","","","","","","","0","0","2016-10-10 20:30:58","2016-10-10 20:30:58","0","","0","0","0","","0","00:00:00","00:00:00","10","12.5","","","","","",
"312","0","","","Chivas Regal","","","","","","","","","","","","12 year old whiskey","","","","","","","0","0","2016-10-13 12:10:04","2016-10-13 12:10:04","0","","0","0","0","","0","00:00:00","00:00:00","10","12.5","","","","","",
"314","0","","","test","","","","","","","","","","","","test","","","","","","","0","0","2016-10-13 17:08:12","2016-10-13 17:08:12","0","","0","0","0","","0","00:00:00","00:00:00","10","12.5","","","","","",
"315","0","","","Regular 
serves 1","","","","","","","","","","","","Medium size pizza","","","","","","","0","0","2016-10-13 17:31:01","2016-10-13 17:31:01","0","","0","0","0","","0","00:00:00","00:00:00","10","12.5","","","","","",
"316","0","","","Medium  serves 2","","","","","","","","","","","","Medium size pizza","","","","","","","0","0","2016-10-13 17:31:01","2016-10-13 17:31:01","0","","0","0","0","","0","00:00:00","00:00:00","10","12.5","","","","","",
"317","0","","","Large  serves 3","","","","","","","","","","","","Large size pizza for most hungry people","","","","","","","0","0","2016-10-13 17:34:51","2016-10-13 17:34:51","0","","0","0","0","","0","00:00:00","00:00:00","10","12.5","","","","","",
"319","0","","","Vodka fine","","","","","","","","","","","","The medium-full bodied Smirnoff Vodka is reminiscent of lemon, white pepper, charcoal; full, bold texture; smoky sensation is followed by a burst of rich flavor.","","","","","","","0","0","2016-10-15 11:36:45","2016-10-15 11:36:45","0","","0","0","0","","0","00:00:00","00:00:00","10","12.5","","","","","",
"320","0","","","Summer Fresh ","","","","","","","","","","","","Capsicum, Tomato, Onions
","","","","","","","0","0","2016-09-29 17:29:43","2016-10-13 17:56:53","0","","0","0","0","","0","00:00:00","00:00:00","10","12.5","","","","","",
"321","0","","","Tex Mex Special ","","","","","","","","","","","","Spicy Jalapenos, Golden Corn, Capsicum","","","","","","","0","0","2016-09-29 17:32:21","2016-09-29 17:32:21","0","","0","0","0","","0","00:00:00","00:00:00","10","12.5","","","","","",
"322","0","","","Country Roads","","","","","","","","","","","","Red Paprika, Baby Corn, Onions
","","","","","","","0","0","2016-09-29 17:29:43","2016-10-13 17:56:53","0","","0","0","0","","0","00:00:00","00:00:00","10","12.5","","","","","",
"324","0","","","Four Seasons","","","","","","","","","","","","Black Olives, Spicy Jalapenos, Baby Corn, Onions 
","","","","","","","0","0","2016-09-29 17:29:43","2016-10-13 17:56:53","0","","0","0","0","","0","00:00:00","00:00:00","10","12.5","","","","","",
"325","0","","","Mediterranean Delight","","","","","","","","","","","","Mushrooms, Black Olives, Baby Corn, Onions 
","","","","","","","0","0","2016-09-29 17:29:43","2016-10-13 17:56:53","0","","0","0","0","","0","00:00:00","00:00:00","10","12.5","","","","","",
"326","0","","","Flame Thrower","","","","","","","","","","","","Red Paprika, Spicy Jalapenos, Golden Corn, Capsicum,Tomato","","","","","","","0","0","2016-09-29 17:29:43","2016-10-13 17:56:53","0","","0","0","0","","0","00:00:00","00:00:00","10","12.5","","","","","",
"327","0","","","Paneer Tikka","","","","","","","","","","","","Paneer Cubes, Capsicum, Tomato, Onions","","","","","","","0","0","2016-09-29 17:29:43","2016-10-13 17:56:53","0","","0","0","0","","0","00:00:00","00:00:00","10","12.5","","","","","",
"328","0","","","The Heritage","","","","","","","","","","","","Paneer Cubes, Red Paprika, Golden Corn ,Capsicum","","","","","","","0","0","2016-09-29 17:29:43","2016-10-13 17:56:53","0","","0","0","0","","0","00:00:00","00:00:00","10","12.5","","","","","",
"329","0","","","Everything Special","","","","","","","","","","","","Mushrooms, Red Paprika, Black Olives, Golden Corn, Baby Corn, Onions, Tomato","","","","","","","0","0","2016-09-29 17:29:43","2016-10-13 17:56:53","0","","0","0","0","","0","00:00:00","00:00:00","10","12.5","","","","","",
"330","0","","","Crowded House","","","","","","","","","","","","Extra Cheese, Paneer Cubes, Spicy Jalapenos, Black Olives, Golden Corn, Capsicum...
","","","","","","","0","0","2016-09-29 17:29:43","2016-10-13 17:56:53","0","","0","0","0","","0","00:00:00","00:00:00","10","12.5","","","","","",
"331","0","","","Smokey Joe","","","","","","","","","","","","BBQ Chicken, Onions","","","","","","","0","0","2016-09-29 17:29:43","2016-10-13 17:56:53","0","","0","0","0","","0","00:00:00","00:00:00","10","12.5","","","","","",
"332","0","","","Classic American","","","","","","","","","","","","Chicken Sausage, Red Paprika
","","","","","","","0","0","2016-09-29 17:29:43","2016-10-13 17:56:53","0","","0","0","0","","0","00:00:00","00:00:00","10","12.5","","","","","",
"333","0","","","Barbecued Chicken","","","","","","","","","","","","BBQ Chicken, Red Paprika, Golden Corn,Onions
","","","","","","","0","0","2016-09-29 17:29:43","2016-10-13 17:56:53","0","","0","0","0","","0","00:00:00","00:00:00","10","12.5","","","","","",
"334","0","","","The Secret Agent","","","","","","","","","","","","Roast Chicken,Chicken Sausage, Spicy Jalapenos,Capsicum
","","","","","","","0","0","2016-09-29 17:29:43","2016-10-13 17:56:53","0","","0","0","0","","0","00:00:00","00:00:00","10","12.5","","","","","",
"335","0","","","Fire House","","","","","","","","","","","","BBQ Chicken, Spicy Chiken, Spicy Jalapenos, Baby Corn","","","","","","","0","0","2016-09-29 17:29:43","2016-10-13 17:56:53","0","","0","0","0","","0","00:00:00","00:00:00","10","12.5","","","","","",
"336","0","","","Exotic Chicken","","","","","","","","","","","","Roast Chicken, Mushrooms, Black Olives, Onions","","","","","","","0","0","2016-09-29 17:29:43","2016-10-13 17:56:53","0","","0","0","0","","0","00:00:00","00:00:00","10","12.5","","","","","",
"337","0","","","Chicken Tikka","","","","","","","","","","","","Chicken Tikka, Chicken Kebab, Red Paprika, Capsicum, Onions
","","","","","","","0","0","2016-09-29 17:29:43","2016-10-13 17:56:53","0","","0","0","0","","0","00:00:00","00:00:00","10","12.5","","","","","",
"338","0","","","The Meat Eater","","","","","","","","","","","","BBQ Chicken, Roast Chicken, Spicy Chiken, Chicken Sausage
","","","","","","","0","0","2016-09-29 17:29:43","2016-10-13 17:56:53","0","","0","0","0","","0","00:00:00","00:00:00","10","12.5","","","","","",
"339","0","","","Chicken Housefull","","","","","","","","","","","","Chicken Tikka, Roast Chicken, Chicken Kebab, Red Paprika, Black Olives, Capsicum...","","","","","","","0","0","2016-09-29 17:29:43","2016-10-13 17:56:53","0","","0","0","0","","0","00:00:00","00:00:00","10","12.5","","","","","",
"340","0","","","Large  serves 3","","","","","","","","","","","","Large size pizza for most hungry people","","","","","","","0","0","2016-10-13 17:34:51","2016-10-13 17:34:51","0","","0","0","0","","0","00:00:00","00:00:00","10","12.5","","","","","",
"341","0","","","Regular 
serves 1","","","","","","","","","","","","Medium size pizza","","","","","","","0","0","2016-10-13 17:31:01","2016-10-13 17:31:01","0","","0","0","0","","0","00:00:00","00:00:00","10","12.5","","","","","",
"342","0","","","Medium  serves 2","","","","","","","","","","","","Medium size pizza","","","","","","","0","0","2016-10-13 17:31:01","2016-10-13 17:31:01","0","","0","0","0","","0","00:00:00","00:00:00","10","12.5","","","","","",
"343","0","","","Medium  serves 2","","","","","","","","","","","","Medium size pizza","","","","","","","0","0","2016-10-13 17:31:01","2016-10-13 17:31:01","0","","0","0","0","","0","00:00:00","00:00:00","10","12.5","","","","","",
"344","0","","","Large  serves 3","","","","","","","","","","","","Large size pizza for most hungry people","","","","","","","0","0","2016-10-13 17:34:51","2016-10-13 17:34:51","0","","0","0","0","","0","00:00:00","00:00:00","10","12.5","","","","","",
"345","0","","","Regular 
serves 1","","","","","","","","","","","","Medium size pizza","","","","","","","0","0","2016-10-13 17:31:01","2016-10-13 17:31:01","0","","0","0","0","","0","00:00:00","00:00:00","10","12.5","","","","","",
"346","0","","","Medium  serves 2","","","","","","","","","","","","Medium size pizza","","","","","","","0","0","2016-10-13 17:31:01","2016-10-13 17:31:01","0","","0","0","0","","0","00:00:00","00:00:00","10","12.5","","","","","",
"347","0","","","Large  serves 3","","","","","","","","","","","","Large size pizza for most hungry people","","","","","","","0","0","2016-10-13 17:34:51","2016-10-13 17:34:51","0","","0","0","0","","0","00:00:00","00:00:00","10","12.5","","","","","",
"348","0","","","Regular 
serves 1","","","","","","","","","","","","Medium size pizza","","","","","","","0","0","2016-10-13 17:31:01","2016-10-13 17:31:01","0","","0","0","0","","0","00:00:00","00:00:00","10","12.5","","","","","",
"349","0","","","Original Crust","","","","","","","","","","","","","","","","","","","0","0","2016-10-13 17:31:01","2016-10-13 17:31:01","0","","0","0","0","","0","00:00:00","00:00:00","10","12.5","","","","","",
"350","0","","","Thin Crust","","","","","","","","","","","","","","","","","","","0","0","2016-10-13 17:31:01","2016-10-13 17:31:01","0","","0","0","0","","0","00:00:00","00:00:00","10","12.5","","","","","",
"351","0","","","Cheese Blast","","","","","","","","","","","","","","","","","","","0","0","2016-10-13 17:31:01","2016-10-13 17:31:01","0","","0","0","0","","0","00:00:00","00:00:00","10","12.5","","","","","",
"352","0","","","Paneer Cubes ","","","","","","","","","","","","","","","","","","","0","0","2016-10-13 17:31:01","2016-10-13 17:31:01","0","","0","0","0","","0","00:00:00","00:00:00","10","12.5","","","","","",
"353","0","","","Mushrooms","","","","","","","","","","","","","","","","","","","0","0","2016-10-13 17:31:01","2016-10-13 17:31:01","0","","0","0","0","","0","00:00:00","00:00:00","10","12.5","","","","","",
"354","0","","","Black Olives","","","","","","","","","","","","","","","","","","","0","0","2016-10-13 17:31:01","2016-10-13 17:31:01","0","","0","0","0","","0","00:00:00","00:00:00","10","12.5","","","","","",
"355","0","","","Spicy Jalapenos","","","","","","","","","","","","","","","","","","","0","0","2016-10-13 17:31:01","2016-10-13 17:31:01","0","","0","0","0","","0","00:00:00","00:00:00","10","12.5","","","","","",
"356","0","","","Red Paprika","","","","","","","","","","","","","","","","","","","0","0","2016-10-13 17:31:01","2016-10-13 17:31:01","0","","0","0","0","","0","00:00:00","00:00:00","10","12.5","","","","","",
"357","0","","","Golden Corn","","","","","","","","","","","","","","","","","","","0","0","2016-10-13 17:31:01","2016-10-13 17:31:01","0","","0","0","0","","0","00:00:00","00:00:00","10","12.5","","","","","",
"358","0","","","Baby Corn","","","","","","","","","","","","","","","","","","","0","0","2016-10-13 17:31:01","2016-10-13 17:31:01","0","","0","0","0","","0","00:00:00","00:00:00","10","12.5","","","","","",
"359","0","","","BBQ Chicken","","","","","","","","","","","","","","","","","","","0","0","2016-10-13 17:31:01","2016-10-13 17:31:01","0","","0","0","0","","0","00:00:00","00:00:00","10","12.5","","","","","",
"360","0","","","Chicken Sausage","","","","","","","","","","","","","","","","","","","0","0","2016-10-13 17:31:01","2016-10-13 17:31:01","0","","0","0","0","","0","00:00:00","00:00:00","10","12.5","","","","","",
"361","0","","","Roast Chicken","","","","","","","","","","","","","","","","","","","0","0","2016-10-13 17:31:01","2016-10-13 17:31:01","0","","0","0","0","","0","00:00:00","00:00:00","10","12.5","","","","","",
"362","0","","","Spicy Chicken","","","","","","","","","","","","","","","","","","","0","0","2016-10-13 17:31:01","2016-10-13 17:31:01","0","","0","0","0","","0","00:00:00","00:00:00","10","12.5","","","","","",
"363","0","","","Chicken Tikka","","","","","","","","","","","","","","","","","","","0","0","2016-10-13 17:31:01","2016-10-13 17:31:01","0","","0","0","0","","0","00:00:00","00:00:00","10","12.5","","","","","",
"364","0","","","Dal Makhni Meal","","","","","","","","","","","","The best Dal makhni in town + Additional Chole/ Dal Makhni on the side + Salad/Chutney + Dessert","","","","","","","0","0","2016-10-17 18:26:16","2016-10-17 18:26:16","0","","0","0","0","","0","00:00:00","00:00:00","10","12.5","","","","","",
"365","0","","","Rice","","","","","","","","","","","","","","","","","","","0","0","2016-10-13 17:31:01","2016-10-13 17:31:01","0","","0","0","0","","0","00:00:00","00:00:00","10","12.5","","","","","",
"366","0","","","Paratha","","","","","","","","","","","","","","","","","","","0","0","2016-10-13 17:31:01","2016-10-13 17:31:01","0","","0","0","0","","0","00:00:00","00:00:00","10","12.5","","","","","",
"367","0","","","Paratha + Rice [1/2]","","","","","","","","","","","","","","","","","","","0","0","2016-10-13 17:31:01","2016-10-13 17:31:01","0","","0","0","0","","0","00:00:00","00:00:00","10","12.5","","","","","",
"368","0","","","Dal Makhni","","","","","","","","","","","","","","","","","","","0","0","2016-10-13 17:31:01","2016-10-13 17:31:01","0","","0","0","0","","0","00:00:00","00:00:00","10","12.5","","","","","",
"369","0","","","Dilli Chole","","","","","","","","","","","","","","","","","","","0","0","2016-10-13 17:31:01","2016-10-13 17:31:01","0","","0","0","0","","0","00:00:00","00:00:00","10","12.5","","","","","",
"370","0","","","Regular serves 1","","","","","","","","","","","","&amp;lt;p&amp;gt;Regular serves 1&amp;lt;/p&amp;gt;
","","","","","","","0","0","2016-10-18 12:25:17","2016-10-18 18:56:01","0","","0","0","0","","0","00:00:00","00:00:00","10","12.5","","","","","",
"371","0","","","pizza","","","","","","","","","","","","&amp;lt;p&amp;gt;pizza&amp;lt;/p&amp;gt;
","","","","","","","0","0","2016-10-18 12:26:36","2016-10-18 18:55:53","0","","0","0","0","","0","00:00:00","00:00:00","10","12.5","","","","","",
"372","0","","","Original Crust ","","","","","","","","","","","","&amp;lt;p&amp;gt;Original Crust&amp;lt;/p&amp;gt;
","","","","","","","0","0","2016-10-18 12:51:23","2016-10-18 18:55:39","0","","0","0","0","","0","00:00:00","00:00:00","10","12.5","","","","","",
"373","0","","","Thin Crust","","","","","","","","","","","","&amp;lt;p&amp;gt;Thin Crust&amp;lt;/p&amp;gt;
","","","","","","","0","0","2016-10-18 12:53:49","2016-10-18 18:56:14","0","","0","0","0","","0","00:00:00","00:00:00","10","12.5","","","","","",
"374","0","","","Paneer Cubes ","","","","","","","","","","","","&amp;lt;p&amp;gt;Paneer Cubes&amp;lt;/p&amp;gt;
","","","","","","","0","0","2016-10-18 12:55:52","2016-10-18 18:55:46","0","","0","0","0","","0","00:00:00","00:00:00","10","12.5","","","","","",
"375","0","","","Summer Fresh","","","","","","","","","","","","&amp;lt;p&amp;gt;Summer Fresh&amp;lt;/p&amp;gt;
","","","","","","","0","0","2016-10-18 12:58:59","2016-10-18 13:39:01","0","","0","0","0","","0","00:00:00","00:00:00","10","12.5","","","","","",
"376","0","","","Regular serves 1","","","","","","","","","","","","&amp;lt;p&amp;gt;Regular serves 1&amp;lt;/p&amp;gt;
","","","","","","","0","0","2016-10-18 13:05:26","2016-10-18 18:56:07","0","","0","0","0","","0","00:00:00","00:00:00","10","12.5","","","","","",
"377","0","","","Medium  serves 2 ","","","","","","","","","","","","&amp;lt;p&amp;gt;Medium serves 2&amp;lt;/p&amp;gt;
","","","","","","","0","0","2016-10-18 13:37:38","2016-10-18 18:55:31","0","","0","0","0","","0","00:00:00","00:00:00","10","12.5","","","","","",
"378","0","","","Farm House","","","","","","","","","","","","Farm House","","","","","","","0","0","2016-10-20 13:25:01","2016-10-20 13:25:01","0","","0","0","0","","0","00:00:00","00:00:00","10","12.5","","","","","",
"379","0","","","Old Monk","","","","","","","","","","","","Legends Walk Alone","","","","","","","0","0","2016-10-26 13:44:55","2016-10-26 13:44:55","0","","0","0","0","","0","00:00:00","00:00:00","10","12.5","","","","","",
"380","0","","","Cheese Pizza","","","","","","","","","","","","Pizza cheese encompasses several varieties and types of cheeses ","","","","","","","0","0","2016-10-27 13:56:44","2016-10-27 13:56:44","0","","0","0","0","","0","00:00:00","00:00:00","10","12.5","","","","","",
"381","0","","","Cheese Pizza","","","","","","","","","","","","Pizza cheese encompasses several varieties and types of cheeses ","","","","","","","0","0","2016-10-27 13:58:35","2016-10-27 13:58:35","0","","0","0","0","","0","00:00:00","00:00:00","10","12.5","","","","","",
"382","0","","","Jeddah Food","","","","","","","","","","","","Jeddah Food","","","","","","","0","0","2016-10-27 14:42:34","2016-10-27 14:42:34","0","","0","0","0","","0","00:00:00","00:00:00","10","12.5","","","","","",
"383","0","","","Sambhar","","","","","","","","","","","","Big Sambhar","","","","","","","0","0","2016-10-27 15:17:05","2016-10-27 15:17:05","0","","0","0","0","","0","00:00:00","00:00:00","10","12.5","","","","","",
"384","0","","","Idli","","","","","","","","","","","","Rava Idli","","","","","","","0","0","2016-10-27 15:18:31","2016-10-27 15:18:31","0","","0","0","0","","0","00:00:00","00:00:00","10","12.5","","","","","",
"385","0","","","Mushroom","","","","","","","","","","","","mushroom","","","","","","","0","0","2016-10-27 15:31:55","2016-10-27 15:31:55","0","","0","0","0","","0","00:00:00","00:00:00","10","12.5","","","","","",
"386","0","","","Mushroom","","","","","","","","","","","","mushroom","","","","","","","0","0","2016-10-27 15:33:31","2016-10-27 15:33:31","0","","0","0","0","","0","00:00:00","00:00:00","10","12.5","","","","","",
"387","0","","","Sweet dezert","","","","","","","","","","","","sweets","","","","","","","0","0","2016-10-27 15:38:32","2016-10-27 15:38:32","0","","0","0","0","","0","00:00:00","00:00:00","10","12.5","","","","","",
"388","0","","","Puri Chole","","","","","","","","","","","","puri chole","","","","","","","0","0","2016-10-27 15:41:04","2016-10-27 15:41:04","0","","0","0","0","","0","00:00:00","00:00:00","10","12.5","","","","","",
"389","0","","","Cheese Pizza","","","","","","","","","","","","Cheese pizza with different version cheese","","","","","","","0","0","2016-10-27 15:43:05","2016-10-27 15:43:05","0","","0","0","0","","0","00:00:00","00:00:00","10","12.5","","","","","",
"390","0","","","With Salad","","","","","","","","","","","","Biscuit with salad","","","","","","","0","0","2016-10-27 15:45:00","2016-10-27 15:45:00","0","","0","0","0","","0","00:00:00","00:00:00","10","12.5","","","","","",
"391","0","","","Jeddah Food","","","","","","","","","","","","food","","","","","","","0","0","2016-10-27 15:46:53","2016-10-27 15:46:53","0","","0","0","0","","0","00:00:00","00:00:00","10","12.5","","","","","",
"392","0","","","Pkoraas","","","","","","","","","","","","red chili pkoras","","","","","","","0","0","2016-10-27 15:49:50","2016-10-27 15:49:50","0","","0","0","0","","0","00:00:00","00:00:00","10","12.5","","","","","",
"393","0","","","Lentil Soup","","","","","","","","","","","","mix lentil soup","","","","","","","0","0","2016-10-27 15:53:39","2016-10-27 15:53:39","0","","0","0","0","","0","00:00:00","00:00:00","10","12.5","","","","","",
"394","0","","","Puri Chole","","","","","","","","","","","","puri chole","","","","","","","0","0","2016-10-27 15:54:40","2016-10-27 15:54:40","0","","0","0","0","","0","00:00:00","00:00:00","10","12.5","","","","","",
"395","0","","","Pkoraas","","","","","","","","","","","","red chilly pkoras","","","","","","","0","0","2016-10-27 15:55:52","2016-10-27 15:55:52","0","","0","0","0","","0","00:00:00","00:00:00","10","12.5","","","","","",
"396","0","","","Sarson Saag","","","","","","","","","","","","Sarson Saag with green chilly","","","","","","","0","0","2016-10-27 15:57:36","2016-10-27 15:57:36","0","","0","0","0","","0","00:00:00","00:00:00","10","12.5","","","","","",
"397","0","","","Dal Roti","","","","","","","","","","","","Dal roti","","","","","","","0","0","2016-10-27 15:59:51","2016-10-27 15:59:51","0","","0","0","0","","0","00:00:00","00:00:00","10","12.5","","","","","",
"398","0","","","Dal Roti","","","","","","","","","","","","Dal Roti","","","","","","","0","0","2016-10-27 16:00:53","2016-10-27 16:00:53","0","","0","0","0","","0","00:00:00","00:00:00","10","12.5","","","","","",
"399","0","","","Cheese Pizza","","","","","","","","","","","","Cheese Pizza","","","","","","","0","0","2016-10-27 16:01:51","2016-10-27 16:01:51","0","","0","0","0","","0","00:00:00","00:00:00","10","12.5","","","","","",
"400","0","","","Mushroom","","","","","","","","","","","","mushroom","","","","","","","0","0","2016-10-27 16:02:53","2016-10-27 16:02:53","0","","0","0","0","","0","00:00:00","00:00:00","10","12.5","","","","","",
"401","0","","","Jeddah Food","","","","","","","","","","","","jeddah","","","","","","","0","0","2016-10-27 16:03:49","2016-10-27 16:03:49","0","","0","0","0","","0","00:00:00","00:00:00","10","12.5","","","","","",
"402","0","","","Puri Chole","","","","","","","","","","","","puri cholle","","","","","","","0","0","2016-10-27 16:04:41","2016-10-27 16:04:41","0","","0","0","0","","0","00:00:00","00:00:00","10","12.5","","","","","",
"403","0","","","Lentil Soup","","","","","","","","","","","","soup","","","","","","","0","0","2016-10-27 16:06:26","2016-10-27 16:06:26","0","","0","0","0","","0","00:00:00","00:00:00","10","12.5","","","","","",
"404","0","","","Sweet dezert","","","","","","","","","","","","sweet","","","","","","","0","0","2016-10-27 16:07:35","2016-10-27 16:07:35","0","","0","0","0","","0","00:00:00","00:00:00","10","12.5","","","","","",
"405","0","","","Sarson Saag","","","","","","","","","","","","saag with corn roti","","","","","","","0","0","2016-10-27 16:08:47","2016-10-27 16:08:47","0","","0","0","0","","0","00:00:00","00:00:00","10","12.5","","","","","",
"406","0","","","Cheese Pizza","","","","","","","","","","","","pizza","","","","","","","0","0","2016-10-27 16:10:01","2016-10-27 16:10:01","0","","0","0","0","","0","00:00:00","00:00:00","10","12.5","","","","","",
"407","0","","","Mushroom","","","","","","","","","","","","mushroom","","","","","","","0","0","2016-10-27 16:10:56","2016-10-27 16:10:56","0","","0","0","0","","0","00:00:00","00:00:00","10","12.5","","","","","",
"408","0","","","Mazza","","","","","","","","","","","","Mango Dring","","","","","","","0","0","2016-10-27 16:12:30","2016-10-27 16:12:30","0","","0","0","0","","0","00:00:00","00:00:00","10","12.5","","","","","",
"409","0","","","buffalo wings ","","","","","","","","","","","","delicious shit ","","","","","","","0","0","2016-10-31 07:13:27","2016-10-31 07:13:27","0","","0","0","0","","0","00:00:00","00:00:00","10","12.5","","","","","",
